title,source,date,url
AI News Article 0,OpenAI News,2026-06-23 21:07:32.573073,https://example.com/news/0
AI News Article 1,Google AI,2026-06-23 21:07:32.573080,https://example.com/news/1
AI News Article 2,Microsoft AI,2026-06-23 21:07:32.573081,https://example.com/news/2
AI News Article 3,Anthropic,2026-06-23 21:07:32.573082,https://example.com/news/3
AI News Article 4,Hugging Face,2026-06-23 21:07:32.573083,https://example.com/news/4
AI News Article 5,OpenAI News,2026-06-23 21:07:32.573084,https://example.com/news/5
AI News Article 6,Google AI,2026-06-23 21:07:32.573085,https://example.com/news/6
AI News Article 7,Microsoft AI,2026-06-23 21:07:32.573086,https://example.com/news/7
AI News Article 8,Anthropic,2026-06-23 21:07:32.573087,https://example.com/news/8
AI News Article 9,Hugging Face,2026-06-23 21:07:32.573088,https://example.com/news/9
AI News Article 10,OpenAI News,2026-06-23 21:07:32.573089,https://example.com/news/10
AI News Article 11,Google AI,2026-06-23 21:07:32.573090,https://example.com/news/11
AI News Article 12,Microsoft AI,2026-06-23 21:07:32.573091,https://example.com/news/12
AI News Article 13,Anthropic,2026-06-23 21:07:32.573092,https://example.com/news/13
AI News Article 14,Hugging Face,2026-06-23 21:07:32.573129,https://example.com/news/14
AI News Article 15,OpenAI News,2026-06-23 21:07:32.573130,https://example.com/news/15
AI News Article 16,Google AI,2026-06-23 21:07:32.573131,https://example.com/news/16
AI News Article 17,Microsoft AI,2026-06-23 21:07:32.573132,https://example.com/news/17
AI News Article 18,Anthropic,2026-06-23 21:07:32.573133,https://example.com/news/18
AI News Article 19,Hugging Face,2026-06-23 21:07:32.573143,https://example.com/news/19
AI News Article 20,OpenAI News,2026-06-23 21:07:32.573144,https://example.com/news/20
AI News Article 21,Google AI,2026-06-23 21:07:32.573145,https://example.com/news/21
AI News Article 22,Microsoft AI,2026-06-23 21:07:32.573145,https://example.com/news/22
AI News Article 23,Anthropic,2026-06-23 21:07:32.573146,https://example.com/news/23
AI News Article 24,Hugging Face,2026-06-23 21:07:32.573147,https://example.com/news/24
AI News Article 25,OpenAI News,2026-06-23 21:07:32.573148,https://example.com/news/25
AI News Article 26,Google AI,2026-06-23 21:07:32.573149,https://example.com/news/26
AI News Article 27,Microsoft AI,2026-06-23 21:07:32.573150,https://example.com/news/27
AI News Article 28,Anthropic,2026-06-23 21:07:32.573150,https://example.com/news/28
AI News Article 29,Hugging Face,2026-06-23 21:07:32.573151,https://example.com/news/29
AI News Article 30,OpenAI News,2026-06-23 21:07:32.573154,https://example.com/news/30
AI News Article 31,Google AI,2026-06-23 21:07:32.573155,https://example.com/news/31
AI News Article 32,Microsoft AI,2026-06-23 21:07:32.573155,https://example.com/news/32
AI News Article 33,Anthropic,2026-06-23 21:07:32.573156,https://example.com/news/33
AI News Article 34,Hugging Face,2026-06-23 21:07:32.573157,https://example.com/news/34
AI News Article 35,OpenAI News,2026-06-23 21:07:32.573158,https://example.com/news/35
AI News Article 36,Google AI,2026-06-23 21:07:32.573159,https://example.com/news/36
AI News Article 37,Microsoft AI,2026-06-23 21:07:32.573159,https://example.com/news/37
AI News Article 38,Anthropic,2026-06-23 21:07:32.573160,https://example.com/news/38
AI News Article 39,Hugging Face,2026-06-23 21:07:32.573161,https://example.com/news/39
AI News Article 40,OpenAI News,2026-06-23 21:07:32.573162,https://example.com/news/40
AI News Article 41,Google AI,2026-06-23 21:07:32.573163,https://example.com/news/41
AI News Article 42,Microsoft AI,2026-06-23 21:07:32.573164,https://example.com/news/42
AI News Article 43,Anthropic,2026-06-23 21:07:32.573164,https://example.com/news/43
AI News Article 44,Hugging Face,2026-06-23 21:07:32.573167,https://example.com/news/44
AI News Article 45,OpenAI News,2026-06-23 21:07:32.573167,https://example.com/news/45
AI News Article 46,Google AI,2026-06-23 21:07:32.573168,https://example.com/news/46
AI News Article 47,Microsoft AI,2026-06-23 21:07:32.573169,https://example.com/news/47
AI News Article 48,Anthropic,2026-06-23 21:07:32.573170,https://example.com/news/48
AI News Article 49,Hugging Face,2026-06-23 21:07:32.573171,https://example.com/news/49
AI News Article 50,OpenAI News,2026-06-23 21:07:32.573173,https://example.com/news/50
AI News Article 51,Google AI,2026-06-23 21:07:32.573174,https://example.com/news/51
AI News Article 52,Microsoft AI,2026-06-23 21:07:32.573175,https://example.com/news/52
AI News Article 53,Anthropic,2026-06-23 21:07:32.573175,https://example.com/news/53
AI News Article 54,Hugging Face,2026-06-23 21:07:32.573176,https://example.com/news/54
AI News Article 55,OpenAI News,2026-06-23 21:07:32.573177,https://example.com/news/55
AI News Article 56,Google AI,2026-06-23 21:07:32.573178,https://example.com/news/56
AI News Article 57,Microsoft AI,2026-06-23 21:07:32.573179,https://example.com/news/57
AI News Article 58,Anthropic,2026-06-23 21:07:32.573179,https://example.com/news/58
AI News Article 59,Hugging Face,2026-06-23 21:07:32.573180,https://example.com/news/59
AI News Article 60,OpenAI News,2026-06-23 21:07:32.573181,https://example.com/news/60
AI News Article 61,Google AI,2026-06-23 21:07:32.573182,https://example.com/news/61
AI News Article 62,Microsoft AI,2026-06-23 21:07:32.573184,https://example.com/news/62
AI News Article 63,Anthropic,2026-06-23 21:07:32.573185,https://example.com/news/63
AI News Article 64,Hugging Face,2026-06-23 21:07:32.573186,https://example.com/news/64
AI News Article 65,OpenAI News,2026-06-23 21:07:32.573187,https://example.com/news/65
AI News Article 66,Google AI,2026-06-23 21:07:32.573188,https://example.com/news/66
AI News Article 67,Microsoft AI,2026-06-23 21:07:32.573189,https://example.com/news/67
AI News Article 68,Anthropic,2026-06-23 21:07:32.573190,https://example.com/news/68
AI News Article 69,Hugging Face,2026-06-23 21:07:32.573191,https://example.com/news/69
AI News Article 70,OpenAI News,2026-06-23 21:07:32.573192,https://example.com/news/70
AI News Article 71,Google AI,2026-06-23 21:07:32.573193,https://example.com/news/71
AI News Article 72,Microsoft AI,2026-06-23 21:07:32.573193,https://example.com/news/72
AI News Article 73,Anthropic,2026-06-23 21:07:32.573194,https://example.com/news/73
AI News Article 74,Hugging Face,2026-06-23 21:07:32.573195,https://example.com/news/74
AI News Article 75,OpenAI News,2026-06-23 21:07:32.573196,https://example.com/news/75
AI News Article 76,Google AI,2026-06-23 21:07:32.573196,https://example.com/news/76
AI News Article 77,Microsoft AI,2026-06-23 21:07:32.573199,https://example.com/news/77
AI News Article 78,Anthropic,2026-06-23 21:07:32.573199,https://example.com/news/78
AI News Article 79,Hugging Face,2026-06-23 21:07:32.573200,https://example.com/news/79
AI News Article 80,OpenAI News,2026-06-23 21:07:32.573201,https://example.com/news/80
AI News Article 81,Google AI,2026-06-23 21:07:32.573202,https://example.com/news/81
AI News Article 82,Microsoft AI,2026-06-23 21:07:32.573204,https://example.com/news/82
AI News Article 83,Anthropic,2026-06-23 21:07:32.573205,https://example.com/news/83
AI News Article 84,Hugging Face,2026-06-23 21:07:32.573206,https://example.com/news/84
AI News Article 85,OpenAI News,2026-06-23 21:07:32.573207,https://example.com/news/85
AI News Article 86,Google AI,2026-06-23 21:07:32.573208,https://example.com/news/86
AI News Article 87,Microsoft AI,2026-06-23 21:07:32.573208,https://example.com/news/87
AI News Article 88,Anthropic,2026-06-23 21:07:32.573209,https://example.com/news/88
AI News Article 89,Hugging Face,2026-06-23 21:07:32.573210,https://example.com/news/89
AI News Article 90,OpenAI News,2026-06-23 21:07:32.573211,https://example.com/news/90
AI News Article 91,Google AI,2026-06-23 21:07:32.573211,https://example.com/news/91
AI News Article 92,Microsoft AI,2026-06-23 21:07:32.573212,https://example.com/news/92
AI News Article 93,Anthropic,2026-06-23 21:07:32.573213,https://example.com/news/93
AI News Article 94,Hugging Face,2026-06-23 21:07:32.573216,https://example.com/news/94
AI News Article 95,OpenAI News,2026-06-23 21:07:32.573217,https://example.com/news/95
AI News Article 96,Google AI,2026-06-23 21:07:32.573219,https://example.com/news/96
AI News Article 97,Microsoft AI,2026-06-23 21:07:32.573221,https://example.com/news/97
AI News Article 98,Anthropic,2026-06-23 21:07:32.573221,https://example.com/news/98
AI News Article 99,Hugging Face,2026-06-23 21:07:32.573222,https://example.com/news/99
AI News Article 100,OpenAI News,2026-06-23 21:07:32.573223,https://example.com/news/100
AI News Article 101,Google AI,2026-06-23 21:07:32.573224,https://example.com/news/101
AI News Article 102,Microsoft AI,2026-06-23 21:07:32.573225,https://example.com/news/102
AI News Article 103,Anthropic,2026-06-23 21:07:32.573225,https://example.com/news/103
AI News Article 104,Hugging Face,2026-06-23 21:07:32.573228,https://example.com/news/104
AI News Article 105,OpenAI News,2026-06-23 21:07:32.573229,https://example.com/news/105
AI News Article 106,Google AI,2026-06-23 21:07:32.573230,https://example.com/news/106
AI News Article 107,Microsoft AI,2026-06-23 21:07:32.573230,https://example.com/news/107
AI News Article 108,Anthropic,2026-06-23 21:07:32.573231,https://example.com/news/108
AI News Article 109,Hugging Face,2026-06-23 21:07:32.573233,https://example.com/news/109
AI News Article 110,OpenAI News,2026-06-23 21:07:32.573233,https://example.com/news/110
AI News Article 111,Google AI,2026-06-23 21:07:32.573234,https://example.com/news/111
AI News Article 112,Microsoft AI,2026-06-23 21:07:32.573235,https://example.com/news/112
AI News Article 113,Anthropic,2026-06-23 21:07:32.573236,https://example.com/news/113
AI News Article 114,Hugging Face,2026-06-23 21:07:32.573238,https://example.com/news/114
AI News Article 115,OpenAI News,2026-06-23 21:07:32.573239,https://example.com/news/115
AI News Article 116,Google AI,2026-06-23 21:07:32.573240,https://example.com/news/116
AI News Article 117,Microsoft AI,2026-06-23 21:07:32.573240,https://example.com/news/117
AI News Article 118,Anthropic,2026-06-23 21:07:32.573241,https://example.com/news/118
AI News Article 119,Hugging Face,2026-06-23 21:07:32.573242,https://example.com/news/119
AI News Article 120,OpenAI News,2026-06-23 21:07:32.573243,https://example.com/news/120
AI News Article 121,Google AI,2026-06-23 21:07:32.573243,https://example.com/news/121
AI News Article 122,Microsoft AI,2026-06-23 21:07:32.573244,https://example.com/news/122
AI News Article 123,Anthropic,2026-06-23 21:07:32.573245,https://example.com/news/123
AI News Article 124,Hugging Face,2026-06-23 21:07:32.573246,https://example.com/news/124
AI News Article 125,OpenAI News,2026-06-23 21:07:32.573246,https://example.com/news/125
AI News Article 126,Google AI,2026-06-23 21:07:32.573249,https://example.com/news/126
AI News Article 127,Microsoft AI,2026-06-23 21:07:32.573250,https://example.com/news/127
AI News Article 128,Anthropic,2026-06-23 21:07:32.573250,https://example.com/news/128
AI News Article 129,Hugging Face,2026-06-23 21:07:32.573252,https://example.com/news/129
AI News Article 130,OpenAI News,2026-06-23 21:07:32.573253,https://example.com/news/130
AI News Article 131,Google AI,2026-06-23 21:07:32.573253,https://example.com/news/131
AI News Article 132,Microsoft AI,2026-06-23 21:07:32.573254,https://example.com/news/132
AI News Article 133,Anthropic,2026-06-23 21:07:32.573255,https://example.com/news/133
AI News Article 134,Hugging Face,2026-06-23 21:07:32.573256,https://example.com/news/134
AI News Article 135,OpenAI News,2026-06-23 21:07:32.573256,https://example.com/news/135
AI News Article 136,Google AI,2026-06-23 21:07:32.573257,https://example.com/news/136
AI News Article 137,Microsoft AI,2026-06-23 21:07:32.573258,https://example.com/news/137
AI News Article 138,Anthropic,2026-06-23 21:07:32.573259,https://example.com/news/138
AI News Article 139,Hugging Face,2026-06-23 21:07:32.573259,https://example.com/news/139
AI News Article 140,OpenAI News,2026-06-23 21:07:32.573260,https://example.com/news/140
AI News Article 141,Google AI,2026-06-23 21:07:32.573261,https://example.com/news/141
AI News Article 142,Microsoft AI,2026-06-23 21:07:32.573262,https://example.com/news/142
AI News Article 143,Anthropic,2026-06-23 21:07:32.573262,https://example.com/news/143
AI News Article 144,Hugging Face,2026-06-23 21:07:32.573263,https://example.com/news/144
AI News Article 145,OpenAI News,2026-06-23 21:07:32.573264,https://example.com/news/145
AI News Article 146,Google AI,2026-06-23 21:07:32.573269,https://example.com/news/146
AI News Article 147,Microsoft AI,2026-06-23 21:07:32.573270,https://example.com/news/147
AI News Article 148,Anthropic,2026-06-23 21:07:32.573271,https://example.com/news/148
AI News Article 149,Hugging Face,2026-06-23 21:07:32.573272,https://example.com/news/149
AI News Article 150,OpenAI News,2026-06-23 21:07:32.573273,https://example.com/news/150
AI News Article 151,Google AI,2026-06-23 21:07:32.573274,https://example.com/news/151
AI News Article 152,Microsoft AI,2026-06-23 21:07:32.573275,https://example.com/news/152
AI News Article 153,Anthropic,2026-06-23 21:07:32.573275,https://example.com/news/153
AI News Article 154,Hugging Face,2026-06-23 21:07:32.573276,https://example.com/news/154
AI News Article 155,OpenAI News,2026-06-23 21:07:32.573277,https://example.com/news/155
AI News Article 156,Google AI,2026-06-23 21:07:32.573278,https://example.com/news/156
AI News Article 157,Microsoft AI,2026-06-23 21:07:32.573278,https://example.com/news/157
AI News Article 158,Anthropic,2026-06-23 21:07:32.573281,https://example.com/news/158
AI News Article 159,Hugging Face,2026-06-23 21:07:32.573282,https://example.com/news/159
AI News Article 160,OpenAI News,2026-06-23 21:07:32.573283,https://example.com/news/160
AI News Article 161,Google AI,2026-06-23 21:07:32.573283,https://example.com/news/161
AI News Article 162,Microsoft AI,2026-06-23 21:07:32.573284,https://example.com/news/162
AI News Article 163,Anthropic,2026-06-23 21:07:32.573285,https://example.com/news/163
AI News Article 164,Hugging Face,2026-06-23 21:07:32.573286,https://example.com/news/164
AI News Article 165,OpenAI News,2026-06-23 21:07:32.573286,https://example.com/news/165
AI News Article 166,Google AI,2026-06-23 21:07:32.573287,https://example.com/news/166
AI News Article 167,Microsoft AI,2026-06-23 21:07:32.573288,https://example.com/news/167
AI News Article 168,Anthropic,2026-06-23 21:07:32.573288,https://example.com/news/168
AI News Article 169,Hugging Face,2026-06-23 21:07:32.573289,https://example.com/news/169
AI News Article 170,OpenAI News,2026-06-23 21:07:32.573290,https://example.com/news/170
AI News Article 171,Google AI,2026-06-23 21:07:32.573291,https://example.com/news/171
AI News Article 172,Microsoft AI,2026-06-23 21:07:32.573291,https://example.com/news/172
AI News Article 173,Anthropic,2026-06-23 21:07:32.573293,https://example.com/news/173
AI News Article 174,Hugging Face,2026-06-23 21:07:32.573294,https://example.com/news/174
AI News Article 175,OpenAI News,2026-06-23 21:07:32.573295,https://example.com/news/175
AI News Article 176,Google AI,2026-06-23 21:07:32.573295,https://example.com/news/176
AI News Article 177,Microsoft AI,2026-06-23 21:07:32.573298,https://example.com/news/177
AI News Article 178,Anthropic,2026-06-23 21:07:32.573299,https://example.com/news/178
AI News Article 179,Hugging Face,2026-06-23 21:07:32.573300,https://example.com/news/179
AI News Article 180,OpenAI News,2026-06-23 21:07:32.573301,https://example.com/news/180
AI News Article 181,Google AI,2026-06-23 21:07:32.573302,https://example.com/news/181
AI News Article 182,Microsoft AI,2026-06-23 21:07:32.573302,https://example.com/news/182
AI News Article 183,Anthropic,2026-06-23 21:07:32.573303,https://example.com/news/183
AI News Article 184,Hugging Face,2026-06-23 21:07:32.573304,https://example.com/news/184
AI News Article 185,OpenAI News,2026-06-23 21:07:32.573305,https://example.com/news/185
AI News Article 186,Google AI,2026-06-23 21:07:32.573305,https://example.com/news/186
AI News Article 187,Microsoft AI,2026-06-23 21:07:32.573306,https://example.com/news/187
AI News Article 188,Anthropic,2026-06-23 21:07:32.573307,https://example.com/news/188
AI News Article 189,Hugging Face,2026-06-23 21:07:32.573308,https://example.com/news/189
AI News Article 190,OpenAI News,2026-06-23 21:07:32.573312,https://example.com/news/190
AI News Article 191,Google AI,2026-06-23 21:07:32.573313,https://example.com/news/191
AI News Article 192,Microsoft AI,2026-06-23 21:07:32.573314,https://example.com/news/192
AI News Article 193,Anthropic,2026-06-23 21:07:32.573315,https://example.com/news/193
AI News Article 194,Hugging Face,2026-06-23 21:07:32.573316,https://example.com/news/194
AI News Article 195,OpenAI News,2026-06-23 21:07:32.573316,https://example.com/news/195
AI News Article 196,Google AI,2026-06-23 21:07:32.573317,https://example.com/news/196
AI News Article 197,Microsoft AI,2026-06-23 21:07:32.573319,https://example.com/news/197
AI News Article 198,Anthropic,2026-06-23 21:07:32.573320,https://example.com/news/198
AI News Article 199,Hugging Face,2026-06-23 21:07:32.573321,https://example.com/news/199
AI News Article 200,OpenAI News,2026-06-23 21:07:32.573322,https://example.com/news/200
AI News Article 201,Google AI,2026-06-23 21:07:32.573323,https://example.com/news/201
AI News Article 202,Microsoft AI,2026-06-23 21:07:32.573324,https://example.com/news/202
AI News Article 203,Anthropic,2026-06-23 21:07:32.573325,https://example.com/news/203
AI News Article 204,Hugging Face,2026-06-23 21:07:32.573325,https://example.com/news/204
AI News Article 205,OpenAI News,2026-06-23 21:07:32.573326,https://example.com/news/205
AI News Article 206,Google AI,2026-06-23 21:07:32.573327,https://example.com/news/206
AI News Article 207,Microsoft AI,2026-06-23 21:07:32.573328,https://example.com/news/207
AI News Article 208,Anthropic,2026-06-23 21:07:32.573328,https://example.com/news/208
AI News Article 209,Hugging Face,2026-06-23 21:07:32.573331,https://example.com/news/209
AI News Article 210,OpenAI News,2026-06-23 21:07:32.573332,https://example.com/news/210
AI News Article 211,Google AI,2026-06-23 21:07:32.573333,https://example.com/news/211
AI News Article 212,Microsoft AI,2026-06-23 21:07:32.573333,https://example.com/news/212
AI News Article 213,Anthropic,2026-06-23 21:07:32.573334,https://example.com/news/213
AI News Article 214,Hugging Face,2026-06-23 21:07:32.573335,https://example.com/news/214
AI News Article 215,OpenAI News,2026-06-23 21:07:32.573336,https://example.com/news/215
AI News Article 216,Google AI,2026-06-23 21:07:32.573336,https://example.com/news/216
AI News Article 217,Microsoft AI,2026-06-23 21:07:32.573337,https://example.com/news/217
AI News Article 218,Anthropic,2026-06-23 21:07:32.573338,https://example.com/news/218
AI News Article 219,Hugging Face,2026-06-23 21:07:32.573339,https://example.com/news/219
AI News Article 220,OpenAI News,2026-06-23 21:07:32.573339,https://example.com/news/220
AI News Article 221,Google AI,2026-06-23 21:07:32.573340,https://example.com/news/221
AI News Article 222,Microsoft AI,2026-06-23 21:07:32.573343,https://example.com/news/222
AI News Article 223,Anthropic,2026-06-23 21:07:32.573343,https://example.com/news/223
AI News Article 224,Hugging Face,2026-06-23 21:07:32.573344,https://example.com/news/224
AI News Article 225,OpenAI News,2026-06-23 21:07:32.573345,https://example.com/news/225
AI News Article 226,Google AI,2026-06-23 21:07:32.573346,https://example.com/news/226
AI News Article 227,Microsoft AI,2026-06-23 21:07:32.573346,https://example.com/news/227
AI News Article 228,Anthropic,2026-06-23 21:07:32.573347,https://example.com/news/228
AI News Article 229,Hugging Face,2026-06-23 21:07:32.573348,https://example.com/news/229
AI News Article 230,OpenAI News,2026-06-23 21:07:32.573349,https://example.com/news/230
AI News Article 231,Google AI,2026-06-23 21:07:32.573349,https://example.com/news/231
AI News Article 232,Microsoft AI,2026-06-23 21:07:32.573350,https://example.com/news/232
AI News Article 233,Anthropic,2026-06-23 21:07:32.573352,https://example.com/news/233
AI News Article 234,Hugging Face,2026-06-23 21:07:32.573352,https://example.com/news/234
AI News Article 235,OpenAI News,2026-06-23 21:07:32.573353,https://example.com/news/235
AI News Article 236,Google AI,2026-06-23 21:07:32.573354,https://example.com/news/236
AI News Article 237,Microsoft AI,2026-06-23 21:07:32.573355,https://example.com/news/237
AI News Article 238,Anthropic,2026-06-23 21:07:32.573355,https://example.com/news/238
AI News Article 239,Hugging Face,2026-06-23 21:07:32.573356,https://example.com/news/239
AI News Article 240,OpenAI News,2026-06-23 21:07:32.573357,https://example.com/news/240
AI News Article 241,Google AI,2026-06-23 21:07:32.573359,https://example.com/news/241
AI News Article 242,Microsoft AI,2026-06-23 21:07:32.573360,https://example.com/news/242
AI News Article 243,Anthropic,2026-06-23 21:07:32.573361,https://example.com/news/243
AI News Article 244,Hugging Face,2026-06-23 21:07:32.573362,https://example.com/news/244
AI News Article 245,OpenAI News,2026-06-23 21:07:32.573362,https://example.com/news/245
AI News Article 246,Google AI,2026-06-23 21:07:32.573363,https://example.com/news/246
AI News Article 247,Microsoft AI,2026-06-23 21:07:32.573364,https://example.com/news/247
AI News Article 248,Anthropic,2026-06-23 21:07:32.573366,https://example.com/news/248
AI News Article 249,Hugging Face,2026-06-23 21:07:32.573367,https://example.com/news/249
AI News Article 250,OpenAI News,2026-06-23 21:07:32.573368,https://example.com/news/250
AI News Article 251,Google AI,2026-06-23 21:07:32.573369,https://example.com/news/251
AI News Article 252,Microsoft AI,2026-06-23 21:07:32.573370,https://example.com/news/252
AI News Article 253,Anthropic,2026-06-23 21:07:32.573371,https://example.com/news/253
AI News Article 254,Hugging Face,2026-06-23 21:07:32.573373,https://example.com/news/254
AI News Article 255,OpenAI News,2026-06-23 21:07:32.573374,https://example.com/news/255
AI News Article 256,Google AI,2026-06-23 21:07:32.573375,https://example.com/news/256
AI News Article 257,Microsoft AI,2026-06-23 21:07:32.573376,https://example.com/news/257
AI News Article 258,Anthropic,2026-06-23 21:07:32.573377,https://example.com/news/258
AI News Article 259,Hugging Face,2026-06-23 21:07:32.573378,https://example.com/news/259
AI News Article 260,OpenAI News,2026-06-23 21:07:32.573379,https://example.com/news/260
AI News Article 261,Google AI,2026-06-23 21:07:32.573380,https://example.com/news/261
AI News Article 262,Microsoft AI,2026-06-23 21:07:32.573380,https://example.com/news/262
AI News Article 263,Anthropic,2026-06-23 21:07:32.573381,https://example.com/news/263
AI News Article 264,Hugging Face,2026-06-23 21:07:32.573382,https://example.com/news/264
AI News Article 265,OpenAI News,2026-06-23 21:07:32.573383,https://example.com/news/265
AI News Article 266,Google AI,2026-06-23 21:07:32.573384,https://example.com/news/266
AI News Article 267,Microsoft AI,2026-06-23 21:07:32.573384,https://example.com/news/267
AI News Article 268,Anthropic,2026-06-23 21:07:32.573385,https://example.com/news/268
AI News Article 269,Hugging Face,2026-06-23 21:07:32.573387,https://example.com/news/269
AI News Article 270,OpenAI News,2026-06-23 21:07:32.573388,https://example.com/news/270
AI News Article 271,Google AI,2026-06-23 21:07:32.573388,https://example.com/news/271
AI News Article 272,Microsoft AI,2026-06-23 21:07:32.573389,https://example.com/news/272
AI News Article 273,Anthropic,2026-06-23 21:07:32.573392,https://example.com/news/273
AI News Article 274,Hugging Face,2026-06-23 21:07:32.573395,https://example.com/news/274
AI News Article 275,OpenAI News,2026-06-23 21:07:32.573395,https://example.com/news/275
AI News Article 276,Google AI,2026-06-23 21:07:32.573396,https://example.com/news/276
AI News Article 277,Microsoft AI,2026-06-23 21:07:32.573397,https://example.com/news/277
AI News Article 278,Anthropic,2026-06-23 21:07:32.573398,https://example.com/news/278
AI News Article 279,Hugging Face,2026-06-23 21:07:32.573398,https://example.com/news/279
AI News Article 280,OpenAI News,2026-06-23 21:07:32.573399,https://example.com/news/280
AI News Article 281,Google AI,2026-06-23 21:07:32.573400,https://example.com/news/281
AI News Article 282,Microsoft AI,2026-06-23 21:07:32.573401,https://example.com/news/282
AI News Article 283,Anthropic,2026-06-23 21:07:32.573401,https://example.com/news/283
AI News Article 284,Hugging Face,2026-06-23 21:07:32.573402,https://example.com/news/284
AI News Article 285,OpenAI News,2026-06-23 21:07:32.573405,https://example.com/news/285
AI News Article 286,Google AI,2026-06-23 21:07:32.573405,https://example.com/news/286
AI News Article 287,Microsoft AI,2026-06-23 21:07:32.573406,https://example.com/news/287
AI News Article 288,Anthropic,2026-06-23 21:07:32.573407,https://example.com/news/288
AI News Article 289,Hugging Face,2026-06-23 21:07:32.573408,https://example.com/news/289
AI News Article 290,OpenAI News,2026-06-23 21:07:32.573409,https://example.com/news/290
AI News Article 291,Google AI,2026-06-23 21:07:32.573409,https://example.com/news/291
AI News Article 292,Microsoft AI,2026-06-23 21:07:32.573410,https://example.com/news/292
AI News Article 293,Anthropic,2026-06-23 21:07:32.573411,https://example.com/news/293
AI News Article 294,Hugging Face,2026-06-23 21:07:32.573412,https://example.com/news/294
AI News Article 295,OpenAI News,2026-06-23 21:07:32.573412,https://example.com/news/295
AI News Article 296,Google AI,2026-06-23 21:07:32.573413,https://example.com/news/296
AI News Article 297,Microsoft AI,2026-06-23 21:07:32.573414,https://example.com/news/297
AI News Article 298,Anthropic,2026-06-23 21:07:32.573415,https://example.com/news/298
AI News Article 299,Hugging Face,2026-06-23 21:07:32.573415,https://example.com/news/299
AI News Article 300,OpenAI News,2026-06-23 21:07:32.573418,https://example.com/news/300
AI News Article 301,Google AI,2026-06-23 21:07:32.573419,https://example.com/news/301
AI News Article 302,Microsoft AI,2026-06-23 21:07:32.573420,https://example.com/news/302
AI News Article 303,Anthropic,2026-06-23 21:07:32.573421,https://example.com/news/303
AI News Article 304,Hugging Face,2026-06-23 21:07:32.573423,https://example.com/news/304
AI News Article 305,OpenAI News,2026-06-23 21:07:32.573424,https://example.com/news/305
AI News Article 306,Google AI,2026-06-23 21:07:32.573425,https://example.com/news/306
AI News Article 307,Microsoft AI,2026-06-23 21:07:32.573426,https://example.com/news/307
AI News Article 308,Anthropic,2026-06-23 21:07:32.573427,https://example.com/news/308
AI News Article 309,Hugging Face,2026-06-23 21:07:32.573428,https://example.com/news/309
AI News Article 310,OpenAI News,2026-06-23 21:07:32.573429,https://example.com/news/310
AI News Article 311,Google AI,2026-06-23 21:07:32.573430,https://example.com/news/311
AI News Article 312,Microsoft AI,2026-06-23 21:07:32.573431,https://example.com/news/312
AI News Article 313,Anthropic,2026-06-23 21:07:32.573432,https://example.com/news/313
AI News Article 314,Hugging Face,2026-06-23 21:07:32.573432,https://example.com/news/314
AI News Article 315,OpenAI News,2026-06-23 21:07:32.573433,https://example.com/news/315
AI News Article 316,Google AI,2026-06-23 21:07:32.573434,https://example.com/news/316
AI News Article 317,Microsoft AI,2026-06-23 21:07:32.573437,https://example.com/news/317
AI News Article 318,Anthropic,2026-06-23 21:07:32.573437,https://example.com/news/318
AI News Article 319,Hugging Face,2026-06-23 21:07:32.573438,https://example.com/news/319
AI News Article 320,OpenAI News,2026-06-23 21:07:32.573439,https://example.com/news/320
AI News Article 321,Google AI,2026-06-23 21:07:32.573440,https://example.com/news/321
AI News Article 322,Microsoft AI,2026-06-23 21:07:32.573441,https://example.com/news/322
AI News Article 323,Anthropic,2026-06-23 21:07:32.573441,https://example.com/news/323
AI News Article 324,Hugging Face,2026-06-23 21:07:32.573442,https://example.com/news/324
AI News Article 325,OpenAI News,2026-06-23 21:07:32.573443,https://example.com/news/325
AI News Article 326,Google AI,2026-06-23 21:07:32.573444,https://example.com/news/326
AI News Article 327,Microsoft AI,2026-06-23 21:07:32.573444,https://example.com/news/327
AI News Article 328,Anthropic,2026-06-23 21:07:32.573445,https://example.com/news/328
AI News Article 329,Hugging Face,2026-06-23 21:07:32.573446,https://example.com/news/329
AI News Article 330,OpenAI News,2026-06-23 21:07:32.573447,https://example.com/news/330
AI News Article 331,Google AI,2026-06-23 21:07:32.573447,https://example.com/news/331
AI News Article 332,Microsoft AI,2026-06-23 21:07:32.573448,https://example.com/news/332
AI News Article 333,Anthropic,2026-06-23 21:07:32.573449,https://example.com/news/333
AI News Article 334,Hugging Face,2026-06-23 21:07:32.573450,https://example.com/news/334
AI News Article 335,OpenAI News,2026-06-23 21:07:32.573450,https://example.com/news/335
AI News Article 336,Google AI,2026-06-23 21:07:32.573453,https://example.com/news/336
AI News Article 337,Microsoft AI,2026-06-23 21:07:32.573467,https://example.com/news/337
AI News Article 338,Anthropic,2026-06-23 21:07:32.573468,https://example.com/news/338
AI News Article 339,Hugging Face,2026-06-23 21:07:32.573468,https://example.com/news/339
AI News Article 340,OpenAI News,2026-06-23 21:07:32.573469,https://example.com/news/340
AI News Article 341,Google AI,2026-06-23 21:07:32.573470,https://example.com/news/341
AI News Article 342,Microsoft AI,2026-06-23 21:07:32.573471,https://example.com/news/342
AI News Article 343,Anthropic,2026-06-23 21:07:32.573472,https://example.com/news/343
AI News Article 344,Hugging Face,2026-06-23 21:07:32.573472,https://example.com/news/344
AI News Article 345,OpenAI News,2026-06-23 21:07:32.573473,https://example.com/news/345
AI News Article 346,Google AI,2026-06-23 21:07:32.573474,https://example.com/news/346
AI News Article 347,Microsoft AI,2026-06-23 21:07:32.573475,https://example.com/news/347
AI News Article 348,Anthropic,2026-06-23 21:07:32.573475,https://example.com/news/348
AI News Article 349,Hugging Face,2026-06-23 21:07:32.573478,https://example.com/news/349
AI News Article 350,OpenAI News,2026-06-23 21:07:32.573480,https://example.com/news/350
AI News Article 351,Google AI,2026-06-23 21:07:32.573481,https://example.com/news/351
AI News Article 352,Microsoft AI,2026-06-23 21:07:32.573482,https://example.com/news/352
AI News Article 353,Anthropic,2026-06-23 21:07:32.573484,https://example.com/news/353
AI News Article 354,Hugging Face,2026-06-23 21:07:32.573485,https://example.com/news/354
AI News Article 355,OpenAI News,2026-06-23 21:07:32.573485,https://example.com/news/355
AI News Article 356,Google AI,2026-06-23 21:07:32.573486,https://example.com/news/356
AI News Article 357,Microsoft AI,2026-06-23 21:07:32.573487,https://example.com/news/357
AI News Article 358,Anthropic,2026-06-23 21:07:32.573488,https://example.com/news/358
AI News Article 359,Hugging Face,2026-06-23 21:07:32.573490,https://example.com/news/359
AI News Article 360,OpenAI News,2026-06-23 21:07:32.573491,https://example.com/news/360
AI News Article 361,Google AI,2026-06-23 21:07:32.573492,https://example.com/news/361
AI News Article 362,Microsoft AI,2026-06-23 21:07:32.573493,https://example.com/news/362
AI News Article 363,Anthropic,2026-06-23 21:07:32.573494,https://example.com/news/363
AI News Article 364,Hugging Face,2026-06-23 21:07:32.573495,https://example.com/news/364
AI News Article 365,OpenAI News,2026-06-23 21:07:32.573495,https://example.com/news/365
AI News Article 366,Google AI,2026-06-23 21:07:32.573496,https://example.com/news/366
AI News Article 367,Microsoft AI,2026-06-23 21:07:32.573497,https://example.com/news/367
AI News Article 368,Anthropic,2026-06-23 21:07:32.573499,https://example.com/news/368
AI News Article 369,Hugging Face,2026-06-23 21:07:32.573500,https://example.com/news/369
AI News Article 370,OpenAI News,2026-06-23 21:07:32.573501,https://example.com/news/370
AI News Article 371,Google AI,2026-06-23 21:07:32.573530,https://example.com/news/371
AI News Article 372,Microsoft AI,2026-06-23 21:07:32.573531,https://example.com/news/372
AI News Article 373,Anthropic,2026-06-23 21:07:32.573532,https://example.com/news/373
AI News Article 374,Hugging Face,2026-06-23 21:07:32.573533,https://example.com/news/374
AI News Article 375,OpenAI News,2026-06-23 21:07:32.573534,https://example.com/news/375
AI News Article 376,Google AI,2026-06-23 21:07:32.573535,https://example.com/news/376
AI News Article 377,Microsoft AI,2026-06-23 21:07:32.573536,https://example.com/news/377
AI News Article 378,Anthropic,2026-06-23 21:07:32.573537,https://example.com/news/378
AI News Article 379,Hugging Face,2026-06-23 21:07:32.573537,https://example.com/news/379
AI News Article 380,OpenAI News,2026-06-23 21:07:32.573538,https://example.com/news/380
AI News Article 381,Google AI,2026-06-23 21:07:32.573547,https://example.com/news/381
AI News Article 382,Microsoft AI,2026-06-23 21:07:32.573548,https://example.com/news/382
AI News Article 383,Anthropic,2026-06-23 21:07:32.573548,https://example.com/news/383
AI News Article 384,Hugging Face,2026-06-23 21:07:32.573549,https://example.com/news/384
AI News Article 385,OpenAI News,2026-06-23 21:07:32.573550,https://example.com/news/385
AI News Article 386,Google AI,2026-06-23 21:07:32.573551,https://example.com/news/386
AI News Article 387,Microsoft AI,2026-06-23 21:07:32.573551,https://example.com/news/387
AI News Article 388,Anthropic,2026-06-23 21:07:32.573552,https://example.com/news/388
AI News Article 389,Hugging Face,2026-06-23 21:07:32.573553,https://example.com/news/389
AI News Article 390,OpenAI News,2026-06-23 21:07:32.573554,https://example.com/news/390
AI News Article 391,Google AI,2026-06-23 21:07:32.573554,https://example.com/news/391
AI News Article 392,Microsoft AI,2026-06-23 21:07:32.573555,https://example.com/news/392
AI News Article 393,Anthropic,2026-06-23 21:07:32.573556,https://example.com/news/393
AI News Article 394,Hugging Face,2026-06-23 21:07:32.573557,https://example.com/news/394
AI News Article 395,OpenAI News,2026-06-23 21:07:32.573557,https://example.com/news/395
AI News Article 396,Google AI,2026-06-23 21:07:32.573558,https://example.com/news/396
AI News Article 397,Microsoft AI,2026-06-23 21:07:32.573559,https://example.com/news/397
AI News Article 398,Anthropic,2026-06-23 21:07:32.573560,https://example.com/news/398
AI News Article 399,Hugging Face,2026-06-23 21:07:32.573560,https://example.com/news/399
AI News Article 400,OpenAI News,2026-06-23 21:07:32.573563,https://example.com/news/400
AI News Article 401,Google AI,2026-06-23 21:07:32.573571,https://example.com/news/401
AI News Article 402,Microsoft AI,2026-06-23 21:07:32.573572,https://example.com/news/402
AI News Article 403,Anthropic,2026-06-23 21:07:32.573573,https://example.com/news/403
AI News Article 404,Hugging Face,2026-06-23 21:07:32.573573,https://example.com/news/404
AI News Article 405,OpenAI News,2026-06-23 21:07:32.573574,https://example.com/news/405
AI News Article 406,Google AI,2026-06-23 21:07:32.573575,https://example.com/news/406
AI News Article 407,Microsoft AI,2026-06-23 21:07:32.573576,https://example.com/news/407
AI News Article 408,Anthropic,2026-06-23 21:07:32.573576,https://example.com/news/408
AI News Article 409,Hugging Face,2026-06-23 21:07:32.573577,https://example.com/news/409
AI News Article 410,OpenAI News,2026-06-23 21:07:32.573579,https://example.com/news/410
AI News Article 411,Google AI,2026-06-23 21:07:32.573585,https://example.com/news/411
AI News Article 412,Microsoft AI,2026-06-23 21:07:32.573586,https://example.com/news/412
AI News Article 413,Anthropic,2026-06-23 21:07:32.573589,https://example.com/news/413
AI News Article 414,Hugging Face,2026-06-23 21:07:32.573590,https://example.com/news/414
AI News Article 415,OpenAI News,2026-06-23 21:07:32.573591,https://example.com/news/415
AI News Article 416,Google AI,2026-06-23 21:07:32.573591,https://example.com/news/416
AI News Article 417,Microsoft AI,2026-06-23 21:07:32.573592,https://example.com/news/417
AI News Article 418,Anthropic,2026-06-23 21:07:32.573593,https://example.com/news/418
AI News Article 419,Hugging Face,2026-06-23 21:07:32.573594,https://example.com/news/419
AI News Article 420,OpenAI News,2026-06-23 21:07:32.573595,https://example.com/news/420
AI News Article 421,Google AI,2026-06-23 21:07:32.573595,https://example.com/news/421
AI News Article 422,Microsoft AI,2026-06-23 21:07:32.573596,https://example.com/news/422
AI News Article 423,Anthropic,2026-06-23 21:07:32.573597,https://example.com/news/423
AI News Article 424,Hugging Face,2026-06-23 21:07:32.573598,https://example.com/news/424
AI News Article 425,OpenAI News,2026-06-23 21:07:32.573598,https://example.com/news/425
AI News Article 426,Google AI,2026-06-23 21:07:32.573599,https://example.com/news/426
AI News Article 427,Microsoft AI,2026-06-23 21:07:32.573600,https://example.com/news/427
AI News Article 428,Anthropic,2026-06-23 21:07:32.573601,https://example.com/news/428
AI News Article 429,Hugging Face,2026-06-23 21:07:32.573602,https://example.com/news/429
AI News Article 430,OpenAI News,2026-06-23 21:07:32.573602,https://example.com/news/430
AI News Article 431,Google AI,2026-06-23 21:07:32.573605,https://example.com/news/431
AI News Article 432,Microsoft AI,2026-06-23 21:07:32.573606,https://example.com/news/432
AI News Article 433,Anthropic,2026-06-23 21:07:32.573607,https://example.com/news/433
AI News Article 434,Hugging Face,2026-06-23 21:07:32.573608,https://example.com/news/434
AI News Article 435,OpenAI News,2026-06-23 21:07:32.573608,https://example.com/news/435
AI News Article 436,Google AI,2026-06-23 21:07:32.573609,https://example.com/news/436
AI News Article 437,Microsoft AI,2026-06-23 21:07:32.573610,https://example.com/news/437
AI News Article 438,Anthropic,2026-06-23 21:07:32.573611,https://example.com/news/438
AI News Article 439,Hugging Face,2026-06-23 21:07:32.573611,https://example.com/news/439
AI News Article 440,OpenAI News,2026-06-23 21:07:32.573614,https://example.com/news/440
AI News Article 441,Google AI,2026-06-23 21:07:32.573615,https://example.com/news/441
AI News Article 442,Microsoft AI,2026-06-23 21:07:32.573615,https://example.com/news/442
AI News Article 443,Anthropic,2026-06-23 21:07:32.573616,https://example.com/news/443
AI News Article 444,Hugging Face,2026-06-23 21:07:32.573619,https://example.com/news/444
AI News Article 445,OpenAI News,2026-06-23 21:07:32.573621,https://example.com/news/445
AI News Article 446,Google AI,2026-06-23 21:07:32.573622,https://example.com/news/446
AI News Article 447,Microsoft AI,2026-06-23 21:07:32.573623,https://example.com/news/447
AI News Article 448,Anthropic,2026-06-23 21:07:32.573624,https://example.com/news/448
AI News Article 449,Hugging Face,2026-06-23 21:07:32.573625,https://example.com/news/449
AI News Article 450,OpenAI News,2026-06-23 21:07:32.573626,https://example.com/news/450
AI News Article 451,Google AI,2026-06-23 21:07:32.573626,https://example.com/news/451
AI News Article 452,Microsoft AI,2026-06-23 21:07:32.573629,https://example.com/news/452
AI News Article 453,Anthropic,2026-06-23 21:07:32.573630,https://example.com/news/453
AI News Article 454,Hugging Face,2026-06-23 21:07:32.573631,https://example.com/news/454
AI News Article 455,OpenAI News,2026-06-23 21:07:32.573632,https://example.com/news/455
AI News Article 456,Google AI,2026-06-23 21:07:32.573632,https://example.com/news/456
AI News Article 457,Microsoft AI,2026-06-23 21:07:32.573635,https://example.com/news/457
AI News Article 458,Anthropic,2026-06-23 21:07:32.573636,https://example.com/news/458
AI News Article 459,Hugging Face,2026-06-23 21:07:32.573636,https://example.com/news/459
AI News Article 460,OpenAI News,2026-06-23 21:07:32.573637,https://example.com/news/460
AI News Article 461,Google AI,2026-06-23 21:07:32.573638,https://example.com/news/461
AI News Article 462,Microsoft AI,2026-06-23 21:07:32.573639,https://example.com/news/462
AI News Article 463,Anthropic,2026-06-23 21:07:32.573642,https://example.com/news/463
AI News Article 464,Hugging Face,2026-06-23 21:07:32.573643,https://example.com/news/464
AI News Article 465,OpenAI News,2026-06-23 21:07:32.573644,https://example.com/news/465
AI News Article 466,Google AI,2026-06-23 21:07:32.573644,https://example.com/news/466
AI News Article 467,Microsoft AI,2026-06-23 21:07:32.573645,https://example.com/news/467
AI News Article 468,Anthropic,2026-06-23 21:07:32.573646,https://example.com/news/468
AI News Article 469,Hugging Face,2026-06-23 21:07:32.573648,https://example.com/news/469
AI News Article 470,OpenAI News,2026-06-23 21:07:32.573655,https://example.com/news/470
AI News Article 471,Google AI,2026-06-23 21:07:32.573655,https://example.com/news/471
AI News Article 472,Microsoft AI,2026-06-23 21:07:32.573656,https://example.com/news/472
AI News Article 473,Anthropic,2026-06-23 21:07:32.573657,https://example.com/news/473
AI News Article 474,Hugging Face,2026-06-23 21:07:32.573658,https://example.com/news/474
AI News Article 475,OpenAI News,2026-06-23 21:07:32.573658,https://example.com/news/475
AI News Article 476,Google AI,2026-06-23 21:07:32.573659,https://example.com/news/476
AI News Article 477,Microsoft AI,2026-06-23 21:07:32.573662,https://example.com/news/477
AI News Article 478,Anthropic,2026-06-23 21:07:32.573663,https://example.com/news/478
AI News Article 479,Hugging Face,2026-06-23 21:07:32.573664,https://example.com/news/479
AI News Article 480,OpenAI News,2026-06-23 21:07:32.573664,https://example.com/news/480
AI News Article 481,Google AI,2026-06-23 21:07:32.573665,https://example.com/news/481
AI News Article 482,Microsoft AI,2026-06-23 21:07:32.573666,https://example.com/news/482
AI News Article 483,Anthropic,2026-06-23 21:07:32.573667,https://example.com/news/483
AI News Article 484,Hugging Face,2026-06-23 21:07:32.573667,https://example.com/news/484
AI News Article 485,OpenAI News,2026-06-23 21:07:32.573668,https://example.com/news/485
AI News Article 486,Google AI,2026-06-23 21:07:32.573669,https://example.com/news/486
AI News Article 487,Microsoft AI,2026-06-23 21:07:32.573670,https://example.com/news/487
AI News Article 488,Anthropic,2026-06-23 21:07:32.573670,https://example.com/news/488
AI News Article 489,Hugging Face,2026-06-23 21:07:32.573671,https://example.com/news/489
AI News Article 490,OpenAI News,2026-06-23 21:07:32.573672,https://example.com/news/490
AI News Article 491,Google AI,2026-06-23 21:07:32.573673,https://example.com/news/491
AI News Article 492,Microsoft AI,2026-06-23 21:07:32.573673,https://example.com/news/492
AI News Article 493,Anthropic,2026-06-23 21:07:32.573674,https://example.com/news/493
AI News Article 494,Hugging Face,2026-06-23 21:07:32.573675,https://example.com/news/494
AI News Article 495,OpenAI News,2026-06-23 21:07:32.573677,https://example.com/news/495
AI News Article 496,Google AI,2026-06-23 21:07:32.573679,https://example.com/news/496
AI News Article 497,Microsoft AI,2026-06-23 21:07:32.573679,https://example.com/news/497
AI News Article 498,Anthropic,2026-06-23 21:07:32.573680,https://example.com/news/498
AI News Article 499,Hugging Face,2026-06-23 21:07:32.573681,https://example.com/news/499
AI News Article 500,OpenAI News,2026-06-23 21:07:32.573682,https://example.com/news/500
AI News Article 501,Google AI,2026-06-23 21:07:32.573682,https://example.com/news/501
AI News Article 502,Microsoft AI,2026-06-23 21:07:32.573684,https://example.com/news/502
AI News Article 503,Anthropic,2026-06-23 21:07:32.573685,https://example.com/news/503
AI News Article 504,Hugging Face,2026-06-23 21:07:32.573691,https://example.com/news/504
AI News Article 505,OpenAI News,2026-06-23 21:07:32.573692,https://example.com/news/505
AI News Article 506,Google AI,2026-06-23 21:07:32.573693,https://example.com/news/506
AI News Article 507,Microsoft AI,2026-06-23 21:07:32.573693,https://example.com/news/507
AI News Article 508,Anthropic,2026-06-23 21:07:32.573694,https://example.com/news/508
AI News Article 509,Hugging Face,2026-06-23 21:07:32.573697,https://example.com/news/509
AI News Article 510,OpenAI News,2026-06-23 21:07:32.573698,https://example.com/news/510
AI News Article 511,Google AI,2026-06-23 21:07:32.573699,https://example.com/news/511
AI News Article 512,Microsoft AI,2026-06-23 21:07:32.573700,https://example.com/news/512
AI News Article 513,Anthropic,2026-06-23 21:07:32.573700,https://example.com/news/513
AI News Article 514,Hugging Face,2026-06-23 21:07:32.573701,https://example.com/news/514
AI News Article 515,OpenAI News,2026-06-23 21:07:32.573702,https://example.com/news/515
AI News Article 516,Google AI,2026-06-23 21:07:32.573703,https://example.com/news/516
AI News Article 517,Microsoft AI,2026-06-23 21:07:32.573703,https://example.com/news/517
AI News Article 518,Anthropic,2026-06-23 21:07:32.573704,https://example.com/news/518
AI News Article 519,Hugging Face,2026-06-23 21:07:32.573705,https://example.com/news/519
AI News Article 520,OpenAI News,2026-06-23 21:07:32.573705,https://example.com/news/520
AI News Article 521,Google AI,2026-06-23 21:07:32.573708,https://example.com/news/521
AI News Article 522,Microsoft AI,2026-06-23 21:07:32.573709,https://example.com/news/522
AI News Article 523,Anthropic,2026-06-23 21:07:32.573710,https://example.com/news/523
AI News Article 524,Hugging Face,2026-06-23 21:07:32.573710,https://example.com/news/524
AI News Article 525,OpenAI News,2026-06-23 21:07:32.573711,https://example.com/news/525
AI News Article 526,Google AI,2026-06-23 21:07:32.573712,https://example.com/news/526
AI News Article 527,Microsoft AI,2026-06-23 21:07:32.573715,https://example.com/news/527
AI News Article 528,Anthropic,2026-06-23 21:07:32.573715,https://example.com/news/528
AI News Article 529,Hugging Face,2026-06-23 21:07:32.573717,https://example.com/news/529
AI News Article 530,OpenAI News,2026-06-23 21:07:32.573720,https://example.com/news/530
AI News Article 531,Google AI,2026-06-23 21:07:32.573721,https://example.com/news/531
AI News Article 532,Microsoft AI,2026-06-23 21:07:32.573721,https://example.com/news/532
AI News Article 533,Anthropic,2026-06-23 21:07:32.573722,https://example.com/news/533
AI News Article 534,Hugging Face,2026-06-23 21:07:32.573723,https://example.com/news/534
AI News Article 535,OpenAI News,2026-06-23 21:07:32.573724,https://example.com/news/535
AI News Article 536,Google AI,2026-06-23 21:07:32.573724,https://example.com/news/536
AI News Article 537,Microsoft AI,2026-06-23 21:07:32.573725,https://example.com/news/537
AI News Article 538,Anthropic,2026-06-23 21:07:32.573726,https://example.com/news/538
AI News Article 539,Hugging Face,2026-06-23 21:07:32.573726,https://example.com/news/539
AI News Article 540,OpenAI News,2026-06-23 21:07:32.573730,https://example.com/news/540
AI News Article 541,Google AI,2026-06-23 21:07:32.573731,https://example.com/news/541
AI News Article 542,Microsoft AI,2026-06-23 21:07:32.573732,https://example.com/news/542
AI News Article 543,Anthropic,2026-06-23 21:07:32.573733,https://example.com/news/543
AI News Article 544,Hugging Face,2026-06-23 21:07:32.573734,https://example.com/news/544
AI News Article 545,OpenAI News,2026-06-23 21:07:32.573735,https://example.com/news/545
AI News Article 546,Google AI,2026-06-23 21:07:32.573735,https://example.com/news/546
AI News Article 547,Microsoft AI,2026-06-23 21:07:32.573736,https://example.com/news/547
AI News Article 548,Anthropic,2026-06-23 21:07:32.573737,https://example.com/news/548
AI News Article 549,Hugging Face,2026-06-23 21:07:32.573738,https://example.com/news/549
AI News Article 550,OpenAI News,2026-06-23 21:07:32.573738,https://example.com/news/550
AI News Article 551,Google AI,2026-06-23 21:07:32.573739,https://example.com/news/551
AI News Article 552,Microsoft AI,2026-06-23 21:07:32.573740,https://example.com/news/552
AI News Article 553,Anthropic,2026-06-23 21:07:32.573740,https://example.com/news/553
AI News Article 554,Hugging Face,2026-06-23 21:07:32.573743,https://example.com/news/554
AI News Article 555,OpenAI News,2026-06-23 21:07:32.573744,https://example.com/news/555
AI News Article 556,Google AI,2026-06-23 21:07:32.573745,https://example.com/news/556
AI News Article 557,Microsoft AI,2026-06-23 21:07:32.573746,https://example.com/news/557
AI News Article 558,Anthropic,2026-06-23 21:07:32.573754,https://example.com/news/558
AI News Article 559,Hugging Face,2026-06-23 21:07:32.573755,https://example.com/news/559
AI News Article 560,OpenAI News,2026-06-23 21:07:32.573756,https://example.com/news/560
AI News Article 561,Google AI,2026-06-23 21:07:32.573756,https://example.com/news/561
AI News Article 562,Microsoft AI,2026-06-23 21:07:32.573757,https://example.com/news/562
AI News Article 563,Anthropic,2026-06-23 21:07:32.573758,https://example.com/news/563
AI News Article 564,Hugging Face,2026-06-23 21:07:32.573759,https://example.com/news/564
AI News Article 565,OpenAI News,2026-06-23 21:07:32.573759,https://example.com/news/565
AI News Article 566,Google AI,2026-06-23 21:07:32.573760,https://example.com/news/566
AI News Article 567,Microsoft AI,2026-06-23 21:07:32.573761,https://example.com/news/567
AI News Article 568,Anthropic,2026-06-23 21:07:32.573762,https://example.com/news/568
AI News Article 569,Hugging Face,2026-06-23 21:07:32.573762,https://example.com/news/569
AI News Article 570,OpenAI News,2026-06-23 21:07:32.573763,https://example.com/news/570
AI News Article 571,Google AI,2026-06-23 21:07:32.573764,https://example.com/news/571
AI News Article 572,Microsoft AI,2026-06-23 21:07:32.573768,https://example.com/news/572
AI News Article 573,Anthropic,2026-06-23 21:07:32.573769,https://example.com/news/573
AI News Article 574,Hugging Face,2026-06-23 21:07:32.573769,https://example.com/news/574
AI News Article 575,OpenAI News,2026-06-23 21:07:32.573770,https://example.com/news/575
AI News Article 576,Google AI,2026-06-23 21:07:32.573771,https://example.com/news/576
AI News Article 577,Microsoft AI,2026-06-23 21:07:32.573772,https://example.com/news/577
AI News Article 578,Anthropic,2026-06-23 21:07:32.573772,https://example.com/news/578
AI News Article 579,Hugging Face,2026-06-23 21:07:32.573773,https://example.com/news/579
AI News Article 580,OpenAI News,2026-06-23 21:07:32.573774,https://example.com/news/580
AI News Article 581,Google AI,2026-06-23 21:07:32.573775,https://example.com/news/581
AI News Article 582,Microsoft AI,2026-06-23 21:07:32.573776,https://example.com/news/582
AI News Article 583,Anthropic,2026-06-23 21:07:32.573776,https://example.com/news/583
AI News Article 584,Hugging Face,2026-06-23 21:07:32.573777,https://example.com/news/584
AI News Article 585,OpenAI News,2026-06-23 21:07:32.573778,https://example.com/news/585
AI News Article 586,Google AI,2026-06-23 21:07:32.573779,https://example.com/news/586
AI News Article 587,Microsoft AI,2026-06-23 21:07:32.573779,https://example.com/news/587
AI News Article 588,Anthropic,2026-06-23 21:07:32.573780,https://example.com/news/588
AI News Article 589,Hugging Face,2026-06-23 21:07:32.573781,https://example.com/news/589
AI News Article 590,OpenAI News,2026-06-23 21:07:32.573784,https://example.com/news/590
AI News Article 591,Google AI,2026-06-23 21:07:32.573785,https://example.com/news/591
AI News Article 592,Microsoft AI,2026-06-23 21:07:32.573786,https://example.com/news/592
AI News Article 593,Anthropic,2026-06-23 21:07:32.573788,https://example.com/news/593
AI News Article 594,Hugging Face,2026-06-23 21:07:32.573789,https://example.com/news/594
AI News Article 595,OpenAI News,2026-06-23 21:07:32.573790,https://example.com/news/595
AI News Article 596,Google AI,2026-06-23 21:07:32.573791,https://example.com/news/596
AI News Article 597,Microsoft AI,2026-06-23 21:07:32.573791,https://example.com/news/597
AI News Article 598,Anthropic,2026-06-23 21:07:32.573792,https://example.com/news/598
AI News Article 599,Hugging Face,2026-06-23 21:07:32.573793,https://example.com/news/599
AI News Article 600,OpenAI News,2026-06-23 21:07:32.573794,https://example.com/news/600
AI News Article 601,Google AI,2026-06-23 21:07:32.573794,https://example.com/news/601
AI News Article 602,Microsoft AI,2026-06-23 21:07:32.573795,https://example.com/news/602
AI News Article 603,Anthropic,2026-06-23 21:07:32.573796,https://example.com/news/603
AI News Article 604,Hugging Face,2026-06-23 21:07:32.573800,https://example.com/news/604
AI News Article 605,OpenAI News,2026-06-23 21:07:32.573803,https://example.com/news/605
AI News Article 606,Google AI,2026-06-23 21:07:32.573804,https://example.com/news/606
AI News Article 607,Microsoft AI,2026-06-23 21:07:32.573805,https://example.com/news/607
AI News Article 608,Anthropic,2026-06-23 21:07:32.573806,https://example.com/news/608
AI News Article 609,Hugging Face,2026-06-23 21:07:32.573806,https://example.com/news/609
AI News Article 610,OpenAI News,2026-06-23 21:07:32.573807,https://example.com/news/610
AI News Article 611,Google AI,2026-06-23 21:07:32.573808,https://example.com/news/611
AI News Article 612,Microsoft AI,2026-06-23 21:07:32.573809,https://example.com/news/612
AI News Article 613,Anthropic,2026-06-23 21:07:32.573809,https://example.com/news/613
AI News Article 614,Hugging Face,2026-06-23 21:07:32.573813,https://example.com/news/614
AI News Article 615,OpenAI News,2026-06-23 21:07:32.573814,https://example.com/news/615
AI News Article 616,Google AI,2026-06-23 21:07:32.573815,https://example.com/news/616
AI News Article 617,Microsoft AI,2026-06-23 21:07:32.573816,https://example.com/news/617
AI News Article 618,Anthropic,2026-06-23 21:07:32.573816,https://example.com/news/618
AI News Article 619,Hugging Face,2026-06-23 21:07:32.573817,https://example.com/news/619
AI News Article 620,OpenAI News,2026-06-23 21:07:32.573818,https://example.com/news/620
AI News Article 621,Google AI,2026-06-23 21:07:32.573819,https://example.com/news/621
AI News Article 622,Microsoft AI,2026-06-23 21:07:32.573822,https://example.com/news/622
AI News Article 623,Anthropic,2026-06-23 21:07:32.573823,https://example.com/news/623
AI News Article 624,Hugging Face,2026-06-23 21:07:32.573824,https://example.com/news/624
AI News Article 625,OpenAI News,2026-06-23 21:07:32.573824,https://example.com/news/625
AI News Article 626,Google AI,2026-06-23 21:07:32.573858,https://example.com/news/626
AI News Article 627,Microsoft AI,2026-06-23 21:07:32.573859,https://example.com/news/627
AI News Article 628,Anthropic,2026-06-23 21:07:32.573860,https://example.com/news/628
AI News Article 629,Hugging Face,2026-06-23 21:07:32.573861,https://example.com/news/629
AI News Article 630,OpenAI News,2026-06-23 21:07:32.573862,https://example.com/news/630
AI News Article 631,Google AI,2026-06-23 21:07:32.573862,https://example.com/news/631
AI News Article 632,Microsoft AI,2026-06-23 21:07:32.573863,https://example.com/news/632
AI News Article 633,Anthropic,2026-06-23 21:07:32.573864,https://example.com/news/633
AI News Article 634,Hugging Face,2026-06-23 21:07:32.573865,https://example.com/news/634
AI News Article 635,OpenAI News,2026-06-23 21:07:32.573866,https://example.com/news/635
AI News Article 636,Google AI,2026-06-23 21:07:32.573869,https://example.com/news/636
AI News Article 637,Microsoft AI,2026-06-23 21:07:32.573870,https://example.com/news/637
AI News Article 638,Anthropic,2026-06-23 21:07:32.573871,https://example.com/news/638
AI News Article 639,Hugging Face,2026-06-23 21:07:32.573871,https://example.com/news/639
AI News Article 640,OpenAI News,2026-06-23 21:07:32.573872,https://example.com/news/640
AI News Article 641,Google AI,2026-06-23 21:07:32.573873,https://example.com/news/641
AI News Article 642,Microsoft AI,2026-06-23 21:07:32.573874,https://example.com/news/642
AI News Article 643,Anthropic,2026-06-23 21:07:32.573874,https://example.com/news/643
AI News Article 644,Hugging Face,2026-06-23 21:07:32.573875,https://example.com/news/644
AI News Article 645,OpenAI News,2026-06-23 21:07:32.573876,https://example.com/news/645
AI News Article 646,Google AI,2026-06-23 21:07:32.573877,https://example.com/news/646
AI News Article 647,Microsoft AI,2026-06-23 21:07:32.573878,https://example.com/news/647
AI News Article 648,Anthropic,2026-06-23 21:07:32.573878,https://example.com/news/648
AI News Article 649,Hugging Face,2026-06-23 21:07:32.573879,https://example.com/news/649
AI News Article 650,OpenAI News,2026-06-23 21:07:32.573880,https://example.com/news/650
AI News Article 651,Google AI,2026-06-23 21:07:32.573880,https://example.com/news/651
AI News Article 652,Microsoft AI,2026-06-23 21:07:32.573881,https://example.com/news/652
AI News Article 653,Anthropic,2026-06-23 21:07:32.573882,https://example.com/news/653
AI News Article 654,Hugging Face,2026-06-23 21:07:32.573893,https://example.com/news/654
AI News Article 655,OpenAI News,2026-06-23 21:07:32.573894,https://example.com/news/655
AI News Article 656,Google AI,2026-06-23 21:07:32.573897,https://example.com/news/656
AI News Article 657,Microsoft AI,2026-06-23 21:07:32.573898,https://example.com/news/657
AI News Article 658,Anthropic,2026-06-23 21:07:32.573899,https://example.com/news/658
AI News Article 659,Hugging Face,2026-06-23 21:07:32.573900,https://example.com/news/659
AI News Article 660,OpenAI News,2026-06-23 21:07:32.573900,https://example.com/news/660
AI News Article 661,Google AI,2026-06-23 21:07:32.573901,https://example.com/news/661
AI News Article 662,Microsoft AI,2026-06-23 21:07:32.573902,https://example.com/news/662
AI News Article 663,Anthropic,2026-06-23 21:07:32.573903,https://example.com/news/663
AI News Article 664,Hugging Face,2026-06-23 21:07:32.573904,https://example.com/news/664
AI News Article 665,OpenAI News,2026-06-23 21:07:32.573904,https://example.com/news/665
AI News Article 666,Google AI,2026-06-23 21:07:32.573905,https://example.com/news/666
AI News Article 667,Microsoft AI,2026-06-23 21:07:32.573906,https://example.com/news/667
AI News Article 668,Anthropic,2026-06-23 21:07:32.573908,https://example.com/news/668
AI News Article 669,Hugging Face,2026-06-23 21:07:32.573909,https://example.com/news/669
AI News Article 670,OpenAI News,2026-06-23 21:07:32.573910,https://example.com/news/670
AI News Article 671,Google AI,2026-06-23 21:07:32.573911,https://example.com/news/671
AI News Article 672,Microsoft AI,2026-06-23 21:07:32.573912,https://example.com/news/672
AI News Article 673,Anthropic,2026-06-23 21:07:32.573917,https://example.com/news/673
AI News Article 674,Hugging Face,2026-06-23 21:07:32.573918,https://example.com/news/674
AI News Article 675,OpenAI News,2026-06-23 21:07:32.573919,https://example.com/news/675
AI News Article 676,Google AI,2026-06-23 21:07:32.573920,https://example.com/news/676
AI News Article 677,Microsoft AI,2026-06-23 21:07:32.573921,https://example.com/news/677
AI News Article 678,Anthropic,2026-06-23 21:07:32.573922,https://example.com/news/678
AI News Article 679,Hugging Face,2026-06-23 21:07:32.573922,https://example.com/news/679
AI News Article 680,OpenAI News,2026-06-23 21:07:32.573923,https://example.com/news/680
AI News Article 681,Google AI,2026-06-23 21:07:32.573924,https://example.com/news/681
AI News Article 682,Microsoft AI,2026-06-23 21:07:32.573925,https://example.com/news/682
AI News Article 683,Anthropic,2026-06-23 21:07:32.573925,https://example.com/news/683
AI News Article 684,Hugging Face,2026-06-23 21:07:32.573926,https://example.com/news/684
AI News Article 685,OpenAI News,2026-06-23 21:07:32.573929,https://example.com/news/685
AI News Article 686,Google AI,2026-06-23 21:07:32.573930,https://example.com/news/686
AI News Article 687,Microsoft AI,2026-06-23 21:07:32.573931,https://example.com/news/687
AI News Article 688,Anthropic,2026-06-23 21:07:32.573931,https://example.com/news/688
AI News Article 689,Hugging Face,2026-06-23 21:07:32.573932,https://example.com/news/689
AI News Article 690,OpenAI News,2026-06-23 21:07:32.573933,https://example.com/news/690
AI News Article 691,Google AI,2026-06-23 21:07:32.573934,https://example.com/news/691
AI News Article 692,Microsoft AI,2026-06-23 21:07:32.573934,https://example.com/news/692
AI News Article 693,Anthropic,2026-06-23 21:07:32.573935,https://example.com/news/693
AI News Article 694,Hugging Face,2026-06-23 21:07:32.573936,https://example.com/news/694
AI News Article 695,OpenAI News,2026-06-23 21:07:32.573937,https://example.com/news/695
AI News Article 696,Google AI,2026-06-23 21:07:32.573937,https://example.com/news/696
AI News Article 697,Microsoft AI,2026-06-23 21:07:32.573938,https://example.com/news/697
AI News Article 698,Anthropic,2026-06-23 21:07:32.573939,https://example.com/news/698
AI News Article 699,Hugging Face,2026-06-23 21:07:32.573942,https://example.com/news/699
AI News Article 700,OpenAI News,2026-06-23 21:07:32.573944,https://example.com/news/700
AI News Article 701,Google AI,2026-06-23 21:07:32.573945,https://example.com/news/701
AI News Article 702,Microsoft AI,2026-06-23 21:07:32.573946,https://example.com/news/702
AI News Article 703,Anthropic,2026-06-23 21:07:32.573947,https://example.com/news/703
AI News Article 704,Hugging Face,2026-06-23 21:07:32.573947,https://example.com/news/704
AI News Article 705,OpenAI News,2026-06-23 21:07:32.573948,https://example.com/news/705
AI News Article 706,Google AI,2026-06-23 21:07:32.573949,https://example.com/news/706
AI News Article 707,Microsoft AI,2026-06-23 21:07:32.573950,https://example.com/news/707
AI News Article 708,Anthropic,2026-06-23 21:07:32.573952,https://example.com/news/708
AI News Article 709,Hugging Face,2026-06-23 21:07:32.573953,https://example.com/news/709
AI News Article 710,OpenAI News,2026-06-23 21:07:32.573954,https://example.com/news/710
AI News Article 711,Google AI,2026-06-23 21:07:32.573955,https://example.com/news/711
AI News Article 712,Microsoft AI,2026-06-23 21:07:32.573956,https://example.com/news/712
AI News Article 713,Anthropic,2026-06-23 21:07:32.573957,https://example.com/news/713
AI News Article 714,Hugging Face,2026-06-23 21:07:32.573958,https://example.com/news/714
AI News Article 715,OpenAI News,2026-06-23 21:07:32.573958,https://example.com/news/715
AI News Article 716,Google AI,2026-06-23 21:07:32.573959,https://example.com/news/716
AI News Article 717,Microsoft AI,2026-06-23 21:07:32.573963,https://example.com/news/717
AI News Article 718,Anthropic,2026-06-23 21:07:32.573964,https://example.com/news/718
AI News Article 719,Hugging Face,2026-06-23 21:07:32.573965,https://example.com/news/719
AI News Article 720,OpenAI News,2026-06-23 21:07:32.573965,https://example.com/news/720
AI News Article 721,Google AI,2026-06-23 21:07:32.573966,https://example.com/news/721
AI News Article 722,Microsoft AI,2026-06-23 21:07:32.573967,https://example.com/news/722
AI News Article 723,Anthropic,2026-06-23 21:07:32.573968,https://example.com/news/723
AI News Article 724,Hugging Face,2026-06-23 21:07:32.573969,https://example.com/news/724
AI News Article 725,OpenAI News,2026-06-23 21:07:32.573969,https://example.com/news/725
AI News Article 726,Google AI,2026-06-23 21:07:32.573970,https://example.com/news/726
AI News Article 727,Microsoft AI,2026-06-23 21:07:32.573971,https://example.com/news/727
AI News Article 728,Anthropic,2026-06-23 21:07:32.573971,https://example.com/news/728
AI News Article 729,Hugging Face,2026-06-23 21:07:32.573972,https://example.com/news/729
AI News Article 730,OpenAI News,2026-06-23 21:07:32.573973,https://example.com/news/730
AI News Article 731,Google AI,2026-06-23 21:07:32.573974,https://example.com/news/731
AI News Article 732,Microsoft AI,2026-06-23 21:07:32.573976,https://example.com/news/732
AI News Article 733,Anthropic,2026-06-23 21:07:32.573977,https://example.com/news/733
AI News Article 734,Hugging Face,2026-06-23 21:07:32.573978,https://example.com/news/734
AI News Article 735,OpenAI News,2026-06-23 21:07:32.573979,https://example.com/news/735
AI News Article 736,Google AI,2026-06-23 21:07:32.573980,https://example.com/news/736
AI News Article 737,Microsoft AI,2026-06-23 21:07:32.573980,https://example.com/news/737
AI News Article 738,Anthropic,2026-06-23 21:07:32.573981,https://example.com/news/738
AI News Article 739,Hugging Face,2026-06-23 21:07:32.573982,https://example.com/news/739
AI News Article 740,OpenAI News,2026-06-23 21:07:32.573983,https://example.com/news/740
AI News Article 741,Google AI,2026-06-23 21:07:32.573983,https://example.com/news/741
AI News Article 742,Microsoft AI,2026-06-23 21:07:32.573984,https://example.com/news/742
AI News Article 743,Anthropic,2026-06-23 21:07:32.573985,https://example.com/news/743
AI News Article 744,Hugging Face,2026-06-23 21:07:32.573986,https://example.com/news/744
AI News Article 745,OpenAI News,2026-06-23 21:07:32.573987,https://example.com/news/745
AI News Article 746,Google AI,2026-06-23 21:07:32.573987,https://example.com/news/746
AI News Article 747,Microsoft AI,2026-06-23 21:07:32.573988,https://example.com/news/747
AI News Article 748,Anthropic,2026-06-23 21:07:32.573989,https://example.com/news/748
AI News Article 749,Hugging Face,2026-06-23 21:07:32.573992,https://example.com/news/749
AI News Article 750,OpenAI News,2026-06-23 21:07:32.573992,https://example.com/news/750
AI News Article 751,Google AI,2026-06-23 21:07:32.573993,https://example.com/news/751
AI News Article 752,Microsoft AI,2026-06-23 21:07:32.573994,https://example.com/news/752
AI News Article 753,Anthropic,2026-06-23 21:07:32.573995,https://example.com/news/753
AI News Article 754,Hugging Face,2026-06-23 21:07:32.573995,https://example.com/news/754
AI News Article 755,OpenAI News,2026-06-23 21:07:32.573996,https://example.com/news/755
AI News Article 756,Google AI,2026-06-23 21:07:32.573997,https://example.com/news/756
AI News Article 757,Microsoft AI,2026-06-23 21:07:32.573998,https://example.com/news/757
AI News Article 758,Anthropic,2026-06-23 21:07:32.574000,https://example.com/news/758
AI News Article 759,Hugging Face,2026-06-23 21:07:32.574001,https://example.com/news/759
AI News Article 760,OpenAI News,2026-06-23 21:07:32.574002,https://example.com/news/760
AI News Article 761,Google AI,2026-06-23 21:07:32.574005,https://example.com/news/761
AI News Article 762,Microsoft AI,2026-06-23 21:07:32.574006,https://example.com/news/762
AI News Article 763,Anthropic,2026-06-23 21:07:32.574007,https://example.com/news/763
AI News Article 764,Hugging Face,2026-06-23 21:07:32.574010,https://example.com/news/764
AI News Article 765,OpenAI News,2026-06-23 21:07:32.574011,https://example.com/news/765
AI News Article 766,Google AI,2026-06-23 21:07:32.574012,https://example.com/news/766
AI News Article 767,Microsoft AI,2026-06-23 21:07:32.574013,https://example.com/news/767
AI News Article 768,Anthropic,2026-06-23 21:07:32.574013,https://example.com/news/768
AI News Article 769,Hugging Face,2026-06-23 21:07:32.574014,https://example.com/news/769
AI News Article 770,OpenAI News,2026-06-23 21:07:32.574015,https://example.com/news/770
AI News Article 771,Google AI,2026-06-23 21:07:32.574016,https://example.com/news/771
AI News Article 772,Microsoft AI,2026-06-23 21:07:32.574016,https://example.com/news/772
AI News Article 773,Anthropic,2026-06-23 21:07:32.574017,https://example.com/news/773
AI News Article 774,Hugging Face,2026-06-23 21:07:32.574018,https://example.com/news/774
AI News Article 775,OpenAI News,2026-06-23 21:07:32.574019,https://example.com/news/775
AI News Article 776,Google AI,2026-06-23 21:07:32.574019,https://example.com/news/776
AI News Article 777,Microsoft AI,2026-06-23 21:07:32.574020,https://example.com/news/777
AI News Article 778,Anthropic,2026-06-23 21:07:32.574021,https://example.com/news/778
AI News Article 779,Hugging Face,2026-06-23 21:07:32.574022,https://example.com/news/779
AI News Article 780,OpenAI News,2026-06-23 21:07:32.574022,https://example.com/news/780
AI News Article 781,Google AI,2026-06-23 21:07:32.574025,https://example.com/news/781
AI News Article 782,Microsoft AI,2026-06-23 21:07:32.574026,https://example.com/news/782
AI News Article 783,Anthropic,2026-06-23 21:07:32.574027,https://example.com/news/783
AI News Article 784,Hugging Face,2026-06-23 21:07:32.574030,https://example.com/news/784
AI News Article 785,OpenAI News,2026-06-23 21:07:32.574030,https://example.com/news/785
AI News Article 786,Google AI,2026-06-23 21:07:32.574031,https://example.com/news/786
AI News Article 787,Microsoft AI,2026-06-23 21:07:32.574032,https://example.com/news/787
AI News Article 788,Anthropic,2026-06-23 21:07:32.574033,https://example.com/news/788
AI News Article 789,Hugging Face,2026-06-23 21:07:32.574033,https://example.com/news/789
AI News Article 790,OpenAI News,2026-06-23 21:07:32.574034,https://example.com/news/790
AI News Article 791,Google AI,2026-06-23 21:07:32.574035,https://example.com/news/791
AI News Article 792,Microsoft AI,2026-06-23 21:07:32.574036,https://example.com/news/792
AI News Article 793,Anthropic,2026-06-23 21:07:32.574036,https://example.com/news/793
AI News Article 794,Hugging Face,2026-06-23 21:07:32.574037,https://example.com/news/794
AI News Article 795,OpenAI News,2026-06-23 21:07:32.574040,https://example.com/news/795
AI News Article 796,Google AI,2026-06-23 21:07:32.574041,https://example.com/news/796
AI News Article 797,Microsoft AI,2026-06-23 21:07:32.574042,https://example.com/news/797
AI News Article 798,Anthropic,2026-06-23 21:07:32.574043,https://example.com/news/798
AI News Article 799,Hugging Face,2026-06-23 21:07:32.574043,https://example.com/news/799
AI News Article 800,OpenAI News,2026-06-23 21:07:32.574044,https://example.com/news/800
AI News Article 801,Google AI,2026-06-23 21:07:32.574045,https://example.com/news/801
AI News Article 802,Microsoft AI,2026-06-23 21:07:32.574046,https://example.com/news/802
AI News Article 803,Anthropic,2026-06-23 21:07:32.574046,https://example.com/news/803
AI News Article 804,Hugging Face,2026-06-23 21:07:32.574047,https://example.com/news/804
AI News Article 805,OpenAI News,2026-06-23 21:07:32.574048,https://example.com/news/805
AI News Article 806,Google AI,2026-06-23 21:07:32.574049,https://example.com/news/806
AI News Article 807,Microsoft AI,2026-06-23 21:07:32.574050,https://example.com/news/807
AI News Article 808,Anthropic,2026-06-23 21:07:32.574050,https://example.com/news/808
AI News Article 809,Hugging Face,2026-06-23 21:07:32.574053,https://example.com/news/809
AI News Article 810,OpenAI News,2026-06-23 21:07:32.574054,https://example.com/news/810
AI News Article 811,Google AI,2026-06-23 21:07:32.574055,https://example.com/news/811
AI News Article 812,Microsoft AI,2026-06-23 21:07:32.574057,https://example.com/news/812
AI News Article 813,Anthropic,2026-06-23 21:07:32.574058,https://example.com/news/813
AI News Article 814,Hugging Face,2026-06-23 21:07:32.574059,https://example.com/news/814
AI News Article 815,OpenAI News,2026-06-23 21:07:32.574060,https://example.com/news/815
AI News Article 816,Google AI,2026-06-23 21:07:32.574061,https://example.com/news/816
AI News Article 817,Microsoft AI,2026-06-23 21:07:32.574061,https://example.com/news/817
AI News Article 818,Anthropic,2026-06-23 21:07:32.574062,https://example.com/news/818
AI News Article 819,Hugging Face,2026-06-23 21:07:32.574063,https://example.com/news/819
AI News Article 820,OpenAI News,2026-06-23 21:07:32.574064,https://example.com/news/820
AI News Article 821,Google AI,2026-06-23 21:07:32.574064,https://example.com/news/821
AI News Article 822,Microsoft AI,2026-06-23 21:07:32.574065,https://example.com/news/822
AI News Article 823,Anthropic,2026-06-23 21:07:32.574066,https://example.com/news/823
AI News Article 824,Hugging Face,2026-06-23 21:07:32.574067,https://example.com/news/824
AI News Article 825,OpenAI News,2026-06-23 21:07:32.574067,https://example.com/news/825
AI News Article 826,Google AI,2026-06-23 21:07:32.574068,https://example.com/news/826
AI News Article 827,Microsoft AI,2026-06-23 21:07:32.574071,https://example.com/news/827
AI News Article 828,Anthropic,2026-06-23 21:07:32.574071,https://example.com/news/828
AI News Article 829,Hugging Face,2026-06-23 21:07:32.574072,https://example.com/news/829
AI News Article 830,OpenAI News,2026-06-23 21:07:32.574073,https://example.com/news/830
AI News Article 831,Google AI,2026-06-23 21:07:32.574074,https://example.com/news/831
AI News Article 832,Microsoft AI,2026-06-23 21:07:32.574075,https://example.com/news/832
AI News Article 833,Anthropic,2026-06-23 21:07:32.574075,https://example.com/news/833
AI News Article 834,Hugging Face,2026-06-23 21:07:32.574076,https://example.com/news/834
AI News Article 835,OpenAI News,2026-06-23 21:07:32.574077,https://example.com/news/835
AI News Article 836,Google AI,2026-06-23 21:07:32.574078,https://example.com/news/836
AI News Article 837,Microsoft AI,2026-06-23 21:07:32.574078,https://example.com/news/837
AI News Article 838,Anthropic,2026-06-23 21:07:32.574079,https://example.com/news/838
AI News Article 839,Hugging Face,2026-06-23 21:07:32.574080,https://example.com/news/839
AI News Article 840,OpenAI News,2026-06-23 21:07:32.574081,https://example.com/news/840
AI News Article 841,Google AI,2026-06-23 21:07:32.574081,https://example.com/news/841
AI News Article 842,Microsoft AI,2026-06-23 21:07:32.574082,https://example.com/news/842
AI News Article 843,Anthropic,2026-06-23 21:07:32.574083,https://example.com/news/843
AI News Article 844,Hugging Face,2026-06-23 21:07:32.574085,https://example.com/news/844
AI News Article 845,OpenAI News,2026-06-23 21:07:32.574086,https://example.com/news/845
AI News Article 846,Google AI,2026-06-23 21:07:32.574087,https://example.com/news/846
AI News Article 847,Microsoft AI,2026-06-23 21:07:32.574088,https://example.com/news/847
AI News Article 848,Anthropic,2026-06-23 21:07:32.574088,https://example.com/news/848
AI News Article 849,Hugging Face,2026-06-23 21:07:32.574089,https://example.com/news/849
AI News Article 850,OpenAI News,2026-06-23 21:07:32.574090,https://example.com/news/850
AI News Article 851,Google AI,2026-06-23 21:07:32.574091,https://example.com/news/851
AI News Article 852,Microsoft AI,2026-06-23 21:07:32.574091,https://example.com/news/852
AI News Article 853,Anthropic,2026-06-23 21:07:32.574092,https://example.com/news/853
AI News Article 854,Hugging Face,2026-06-23 21:07:32.574093,https://example.com/news/854
AI News Article 855,OpenAI News,2026-06-23 21:07:32.574094,https://example.com/news/855
AI News Article 856,Google AI,2026-06-23 21:07:32.574094,https://example.com/news/856
AI News Article 857,Microsoft AI,2026-06-23 21:07:32.574095,https://example.com/news/857
AI News Article 858,Anthropic,2026-06-23 21:07:32.574096,https://example.com/news/858
AI News Article 859,Hugging Face,2026-06-23 21:07:32.574098,https://example.com/news/859
AI News Article 860,OpenAI News,2026-06-23 21:07:32.574101,https://example.com/news/860
AI News Article 861,Google AI,2026-06-23 21:07:32.574103,https://example.com/news/861
AI News Article 862,Microsoft AI,2026-06-23 21:07:32.574104,https://example.com/news/862
AI News Article 863,Anthropic,2026-06-23 21:07:32.574105,https://example.com/news/863
AI News Article 864,Hugging Face,2026-06-23 21:07:32.574106,https://example.com/news/864
AI News Article 865,OpenAI News,2026-06-23 21:07:32.574107,https://example.com/news/865
AI News Article 866,Google AI,2026-06-23 21:07:32.574108,https://example.com/news/866
AI News Article 867,Microsoft AI,2026-06-23 21:07:32.574108,https://example.com/news/867
AI News Article 868,Anthropic,2026-06-23 21:07:32.574109,https://example.com/news/868
AI News Article 869,Hugging Face,2026-06-23 21:07:32.574110,https://example.com/news/869
AI News Article 870,OpenAI News,2026-06-23 21:07:32.574113,https://example.com/news/870
AI News Article 871,Google AI,2026-06-23 21:07:32.574114,https://example.com/news/871
AI News Article 872,Microsoft AI,2026-06-23 21:07:32.574115,https://example.com/news/872
AI News Article 873,Anthropic,2026-06-23 21:07:32.574116,https://example.com/news/873
AI News Article 874,Hugging Face,2026-06-23 21:07:32.574116,https://example.com/news/874
AI News Article 875,OpenAI News,2026-06-23 21:07:32.574117,https://example.com/news/875
AI News Article 876,Google AI,2026-06-23 21:07:32.574120,https://example.com/news/876
AI News Article 877,Microsoft AI,2026-06-23 21:07:32.574120,https://example.com/news/877
AI News Article 878,Anthropic,2026-06-23 21:07:32.574122,https://example.com/news/878
AI News Article 879,Hugging Face,2026-06-23 21:07:32.574122,https://example.com/news/879
AI News Article 880,OpenAI News,2026-06-23 21:07:32.574123,https://example.com/news/880
AI News Article 881,Google AI,2026-06-23 21:07:32.574124,https://example.com/news/881
AI News Article 882,Microsoft AI,2026-06-23 21:07:32.574125,https://example.com/news/882
AI News Article 883,Anthropic,2026-06-23 21:07:32.574126,https://example.com/news/883
AI News Article 884,Hugging Face,2026-06-23 21:07:32.574126,https://example.com/news/884
AI News Article 885,OpenAI News,2026-06-23 21:07:32.574127,https://example.com/news/885
AI News Article 886,Google AI,2026-06-23 21:07:32.574128,https://example.com/news/886
AI News Article 887,Microsoft AI,2026-06-23 21:07:32.574129,https://example.com/news/887
AI News Article 888,Anthropic,2026-06-23 21:07:32.574130,https://example.com/news/888
AI News Article 889,Hugging Face,2026-06-23 21:07:32.574130,https://example.com/news/889
AI News Article 890,OpenAI News,2026-06-23 21:07:32.574131,https://example.com/news/890
AI News Article 891,Google AI,2026-06-23 21:07:32.574134,https://example.com/news/891
AI News Article 892,Microsoft AI,2026-06-23 21:07:32.574135,https://example.com/news/892
AI News Article 893,Anthropic,2026-06-23 21:07:32.574136,https://example.com/news/893
AI News Article 894,Hugging Face,2026-06-23 21:07:32.574136,https://example.com/news/894
AI News Article 895,OpenAI News,2026-06-23 21:07:32.574137,https://example.com/news/895
AI News Article 896,Google AI,2026-06-23 21:07:32.574138,https://example.com/news/896
AI News Article 897,Microsoft AI,2026-06-23 21:07:32.574139,https://example.com/news/897
AI News Article 898,Anthropic,2026-06-23 21:07:32.574140,https://example.com/news/898
AI News Article 899,Hugging Face,2026-06-23 21:07:32.574141,https://example.com/news/899
AI News Article 900,OpenAI News,2026-06-23 21:07:32.574141,https://example.com/news/900
AI News Article 901,Google AI,2026-06-23 21:07:32.574142,https://example.com/news/901
AI News Article 902,Microsoft AI,2026-06-23 21:07:32.574143,https://example.com/news/902
AI News Article 903,Anthropic,2026-06-23 21:07:32.574144,https://example.com/news/903
AI News Article 904,Hugging Face,2026-06-23 21:07:32.574145,https://example.com/news/904
AI News Article 905,OpenAI News,2026-06-23 21:07:32.574145,https://example.com/news/905
AI News Article 906,Google AI,2026-06-23 21:07:32.574146,https://example.com/news/906
AI News Article 907,Microsoft AI,2026-06-23 21:07:32.574147,https://example.com/news/907
AI News Article 908,Anthropic,2026-06-23 21:07:32.574149,https://example.com/news/908
AI News Article 909,Hugging Face,2026-06-23 21:07:32.574150,https://example.com/news/909
AI News Article 910,OpenAI News,2026-06-23 21:07:32.574151,https://example.com/news/910
AI News Article 911,Google AI,2026-06-23 21:07:32.574152,https://example.com/news/911
AI News Article 912,Microsoft AI,2026-06-23 21:07:32.574154,https://example.com/news/912
AI News Article 913,Anthropic,2026-06-23 21:07:32.574155,https://example.com/news/913
AI News Article 914,Hugging Face,2026-06-23 21:07:32.574156,https://example.com/news/914
AI News Article 915,OpenAI News,2026-06-23 21:07:32.574157,https://example.com/news/915
AI News Article 916,Google AI,2026-06-23 21:07:32.574158,https://example.com/news/916
AI News Article 917,Microsoft AI,2026-06-23 21:07:32.574159,https://example.com/news/917
AI News Article 918,Anthropic,2026-06-23 21:07:32.574159,https://example.com/news/918
AI News Article 919,Hugging Face,2026-06-23 21:07:32.574160,https://example.com/news/919
AI News Article 920,OpenAI News,2026-06-23 21:07:32.574161,https://example.com/news/920
AI News Article 921,Google AI,2026-06-23 21:07:32.574161,https://example.com/news/921
AI News Article 922,Microsoft AI,2026-06-23 21:07:32.574162,https://example.com/news/922
AI News Article 923,Anthropic,2026-06-23 21:07:32.574167,https://example.com/news/923
AI News Article 924,Hugging Face,2026-06-23 21:07:32.574167,https://example.com/news/924
AI News Article 925,OpenAI News,2026-06-23 21:07:32.574168,https://example.com/news/925
AI News Article 926,Google AI,2026-06-23 21:07:32.574169,https://example.com/news/926
AI News Article 927,Microsoft AI,2026-06-23 21:07:32.574170,https://example.com/news/927
AI News Article 928,Anthropic,2026-06-23 21:07:32.574171,https://example.com/news/928
AI News Article 929,Hugging Face,2026-06-23 21:07:32.574172,https://example.com/news/929
AI News Article 930,OpenAI News,2026-06-23 21:07:32.574173,https://example.com/news/930
AI News Article 931,Google AI,2026-06-23 21:07:32.574173,https://example.com/news/931
AI News Article 932,Microsoft AI,2026-06-23 21:07:32.574174,https://example.com/news/932
AI News Article 933,Anthropic,2026-06-23 21:07:32.574175,https://example.com/news/933
AI News Article 934,Hugging Face,2026-06-23 21:07:32.574176,https://example.com/news/934
AI News Article 935,OpenAI News,2026-06-23 21:07:32.574176,https://example.com/news/935
AI News Article 936,Google AI,2026-06-23 21:07:32.574177,https://example.com/news/936
AI News Article 937,Microsoft AI,2026-06-23 21:07:32.574178,https://example.com/news/937
AI News Article 938,Anthropic,2026-06-23 21:07:32.574179,https://example.com/news/938
AI News Article 939,Hugging Face,2026-06-23 21:07:32.574181,https://example.com/news/939
AI News Article 940,OpenAI News,2026-06-23 21:07:32.574182,https://example.com/news/940
AI News Article 941,Google AI,2026-06-23 21:07:32.574183,https://example.com/news/941
AI News Article 942,Microsoft AI,2026-06-23 21:07:32.574184,https://example.com/news/942
AI News Article 943,Anthropic,2026-06-23 21:07:32.574184,https://example.com/news/943
AI News Article 944,Hugging Face,2026-06-23 21:07:32.574185,https://example.com/news/944
AI News Article 945,OpenAI News,2026-06-23 21:07:32.574186,https://example.com/news/945
AI News Article 946,Google AI,2026-06-23 21:07:32.574187,https://example.com/news/946
AI News Article 947,Microsoft AI,2026-06-23 21:07:32.574187,https://example.com/news/947
AI News Article 948,Anthropic,2026-06-23 21:07:32.574188,https://example.com/news/948
AI News Article 949,Hugging Face,2026-06-23 21:07:32.574189,https://example.com/news/949
AI News Article 950,OpenAI News,2026-06-23 21:07:32.574190,https://example.com/news/950
AI News Article 951,Google AI,2026-06-23 21:07:32.574190,https://example.com/news/951
AI News Article 952,Microsoft AI,2026-06-23 21:07:32.574191,https://example.com/news/952
AI News Article 953,Anthropic,2026-06-23 21:07:32.574192,https://example.com/news/953
AI News Article 954,Hugging Face,2026-06-23 21:07:32.574194,https://example.com/news/954
AI News Article 955,OpenAI News,2026-06-23 21:07:32.574197,https://example.com/news/955
AI News Article 956,Google AI,2026-06-23 21:07:32.574198,https://example.com/news/956
AI News Article 957,Microsoft AI,2026-06-23 21:07:32.574198,https://example.com/news/957
AI News Article 958,Anthropic,2026-06-23 21:07:32.574199,https://example.com/news/958
AI News Article 959,Hugging Face,2026-06-23 21:07:32.574200,https://example.com/news/959
AI News Article 960,OpenAI News,2026-06-23 21:07:32.574201,https://example.com/news/960
AI News Article 961,Google AI,2026-06-23 21:07:32.574201,https://example.com/news/961
AI News Article 962,Microsoft AI,2026-06-23 21:07:32.574204,https://example.com/news/962
AI News Article 963,Anthropic,2026-06-23 21:07:32.574205,https://example.com/news/963
AI News Article 964,Hugging Face,2026-06-23 21:07:32.574206,https://example.com/news/964
AI News Article 965,OpenAI News,2026-06-23 21:07:32.574206,https://example.com/news/965
AI News Article 966,Google AI,2026-06-23 21:07:32.574207,https://example.com/news/966
AI News Article 967,Microsoft AI,2026-06-23 21:07:32.574208,https://example.com/news/967
AI News Article 968,Anthropic,2026-06-23 21:07:32.574209,https://example.com/news/968
AI News Article 969,Hugging Face,2026-06-23 21:07:32.574209,https://example.com/news/969
AI News Article 970,OpenAI News,2026-06-23 21:07:32.574210,https://example.com/news/970
AI News Article 971,Google AI,2026-06-23 21:07:32.574213,https://example.com/news/971
AI News Article 972,Microsoft AI,2026-06-23 21:07:32.574213,https://example.com/news/972
AI News Article 973,Anthropic,2026-06-23 21:07:32.574216,https://example.com/news/973
AI News Article 974,Hugging Face,2026-06-23 21:07:32.574217,https://example.com/news/974
AI News Article 975,OpenAI News,2026-06-23 21:07:32.574217,https://example.com/news/975
AI News Article 976,Google AI,2026-06-23 21:07:32.574218,https://example.com/news/976
AI News Article 977,Microsoft AI,2026-06-23 21:07:32.574219,https://example.com/news/977
AI News Article 978,Anthropic,2026-06-23 21:07:32.574220,https://example.com/news/978
AI News Article 979,Hugging Face,2026-06-23 21:07:32.574220,https://example.com/news/979
AI News Article 980,OpenAI News,2026-06-23 21:07:32.574221,https://example.com/news/980
AI News Article 981,Google AI,2026-06-23 21:07:32.574222,https://example.com/news/981
AI News Article 982,Microsoft AI,2026-06-23 21:07:32.574223,https://example.com/news/982
AI News Article 983,Anthropic,2026-06-23 21:07:32.574223,https://example.com/news/983
AI News Article 984,Hugging Face,2026-06-23 21:07:32.574224,https://example.com/news/984
AI News Article 985,OpenAI News,2026-06-23 21:07:32.574225,https://example.com/news/985
AI News Article 986,Google AI,2026-06-23 21:07:32.574226,https://example.com/news/986
AI News Article 987,Microsoft AI,2026-06-23 21:07:32.574228,https://example.com/news/987
AI News Article 988,Anthropic,2026-06-23 21:07:32.574229,https://example.com/news/988
AI News Article 989,Hugging Face,2026-06-23 21:07:32.574230,https://example.com/news/989
AI News Article 990,OpenAI News,2026-06-23 21:07:32.574231,https://example.com/news/990
AI News Article 991,Google AI,2026-06-23 21:07:32.574232,https://example.com/news/991
AI News Article 992,Microsoft AI,2026-06-23 21:07:32.574233,https://example.com/news/992
AI News Article 993,Anthropic,2026-06-23 21:07:32.574431,https://example.com/news/993
AI News Article 994,Hugging Face,2026-06-23 21:07:32.574432,https://example.com/news/994
AI News Article 995,OpenAI News,2026-06-23 21:07:32.574433,https://example.com/news/995
AI News Article 996,Google AI,2026-06-23 21:07:32.574434,https://example.com/news/996
AI News Article 997,Microsoft AI,2026-06-23 21:07:32.574435,https://example.com/news/997
AI News Article 998,Anthropic,2026-06-23 21:07:32.574436,https://example.com/news/998
AI News Article 999,Hugging Face,2026-06-23 21:07:32.574437,https://example.com/news/999
